"","name","mass","eff","diet","order","family","habitat","fac"
"2","Abrocoma_bennettii",0.2505,0.555687364492283,2,"Rodentia","Abrocomidae",5,1
"3","Acinonyx_jubatus",50,0.852430692232511,1,"Carnivora","Felidae",4,3
"4","Acomys_cahirinus",0.0525,0.600016231271678,3,"Rodentia","Muridae",3,1
"5","Acrobates_pygmaeus",0.012,0.612040450937225,3,"Diprotodontia","Arcobatidae",1,2
"6","Addax_nasomaculatus",70.0003,0.917332986630974,2,"Artiodactyla","Bovidae",3,3
"7","Aepyceros_melampus",52.5001,0.868330184964409,2,"Artiodactyla","Bovidae",4,3
"8","Aepyprymnus_rufescens",3.25,0.604893167277628,2,"Diprotodontia","Potoroidae",1,3
"9","Agouti_paca",8,0.775456333555696,2,"Rodentia","Agoutidae",1,3
"10","Ailuropoda_melanoleuca",108.4,0.762186633358372,1,"Carnivora","Ursidae",1,3
"11","Ailurops_ursinus",10,0.661447266873944,2,"Diprotodontia","Phalangeridae",2,2
"12","Ailurus_fulgens",4.9,0.721498062919881,1,"Carnivora","Ursidae",2,2
"13","Alcelaphus_buselaphus",171.0015,0.872906874022408,2,"Artiodactyla","Bovidae",4,3
"14","Alces_alces",358.9963,0.874788952394325,2,"Artiodactyla","Cervidae",4,3
"15","Allactaga_elater",0.059,0.57164663487596,2,"Rodentia","Dipodidae",3,3
"16","Allenopithecus_nigroviridis",4.75,0.789663466017983,3,"Primates","Cercopithecidae",2,2
"17","Allocebus_trichotis",0.0775,0.699998676746843,3,"Primates","Cheirogaleidae",2,2
"18","Alopex_lagopus",4.86765,0.85282329909209,1,"Carnivora","Canidae",4,3
"19","Alouatta_fusca",8,0.658712409254787,2,"Primates","Cebidae",2,2
"20","Ammospermophilus_leucurus",0.1037,0.476078044587198,2,"Rodentia","Sciuridae",3,1
"21","Antechinus_flavipes",0.045,0.514278755075726,2,"Dasyuromorphia","Dasyuridae",1,2
"22","Antechinus_stuartii",0.0275,0.540525795359109,2,"Dasyuromorphia","Dasyuridae",1,2
"23","Antidorcas_marsupialis",39.0499,0.83644647202443,2,"Artiodactyla","Bovidae",4,3
"24","Antilocapra_americana",46.0829,0.873867771718151,2,"Artiodactyla","Antilocapridae",4,3
"25","Antilope_cervicapra",37.5,0.866047483261435,2,"Artiodactyla","Bovidae",4,3
"26","Aotus_lemurinus",0.873,0.763248951175383,3,"Primates","Cebidae",2,2
"27","Aplodontia_rufa",1.004,0.705409388028427,2,"Rodentia","Aplodontidae",5,1
"28","Apodemus_agrarius",0.0215,0.614484170422801,3,"Rodentia","Muridae",4,1
"29","Arborimus_longicaudus",0.0218,0.640896607500198,2,"Rodentia","Muridae",2,2
"30","Arctictis_binturong",13,0.700359352100788,1,"Carnivora","Viverridae",2,2
"31","Arctogalidia_trivirgata",2.25,0.672117661686168,1,"Carnivora","Viverridae",2,2
"32","Arctonyx_collaris",6.356,0.79580516127016,1,"Carnivora","Mustelidae",1,1
"33","Arvicanthis_niloticus",0.1388,0.638986510242607,2,"Rodentia","Muridae",4,1
"34","Atelerix_albiventris",0.6,0.670268387732221,1,"Insectivora","Erinaceidae",4,3
"35","Ateles_belzebuth",5,0.580765657653966,3,"Primates","Cebidae",2,2
"36","Ateles_geoffroyi",5.2849,0.834840184994827,3,"Primates","Cebidae",2,2
"37","Atilax_paludinosus",3.3,0.724511497203969,1,"Carnivora","Herpestidae",1,3
"38","Atlantoxerus_getulus",0.251,0.633137711252085,2,"Rodentia","Sciuridae",3,1
"39","Auliscomys_boliviensis",0.0657,0.657995349893497,2,"Rodentia","Muridae",3,3
"40","Avahi_laniger",0.9,0.340463569070524,2,"Primates","Indridae",2,2
"41","Axis_axis",67.2818667,0.865269082855463,2,"Artiodactyla","Cervidae",4,3
"42","Babyrousa_babyrussa",100,0.880667429827674,2,"Artiodactyla","Suidae",1,3
"43","Bandicota_indica",0.71995,0.654868738239141,2,"Rodentia","Muridae",4,1
"44","Bassaricyon_gabbii",1.25,0.675607982376441,1,"Carnivora","Procyonidae",2,2
"45","Bettongia_penicillata",1.3,0.576656242911511,3,"Diprotodontia","Potoroidae",1,3
"46","Bison_bison",579.2553,0.846064441784883,2,"Artiodactyla","Bovidae",4,3
"47","Blarina_brevicauda",0.028,0.564175117354347,3,"Insectivora","Soricidae",4,1
"48","Bos_sauveli",800,0.852651988328139,2,"Artiodactyla","Bovidae",4,3
"49","Bradypus_torquatus",3.9,0.886278207495279,2,"Xenarthra","Bradypodidae",2,2
"50","Bubalus_bubalis",825,0.898183267444252,2,"Artiodactyla","Bovidae",4,3
"51","Budorcas_taxicolor",302,0.876086460926442,2,"Artiodactyla","Bovidae",5,3
"52","Burramys_parvus",0.0415,0.613159892134039,3,"Diprotodontia","Burramyidae",2,2
"53","Cabassous_chacoensis",1.49,0.631691121517678,3,"Xenarthra","Dasypodidae",1,1
"54","Cacajao_melanocephalus",3.8,0.435740067291763,2,"Primates","Cebidae",2,2
"55","Callicebus_personatus",1.35,0.555249860292708,2,"Primates","Cebidae",2,2
"56","Callimico_goeldii",0.48,0.528473957931988,3,"Primates","Callitrichidae",2,2
"57","Callithrix_jacchus",0.292,0.528348644651446,3,"Primates","Callitrichidae",2,2
"58","Callosciurus_caniceps",0.257,0.647465288206048,3,"Rodentia","Sciuridae",2,2
"59","Calomyscus_bailwardi",0.0204,0.62128973534388,2,"Rodentia","Muridae",3,1
"60","Caluromys_derbianus",0.297,0.692171645551914,3,"Didelphimorphia","Didelphidae",2,2
"61","Camelus_bactrianus",690,0.927505878759413,2,"Artiodactyla","Camelidae",3,3
"62","Camelus_dromedarius",601,0.938352640160368,2,"Artiodactyla","Camelidae",3,3
"63","Canis_aureus",10.3452,0.855337846059435,1,"Carnivora","Canidae",4,3
"64","Canis_latrans",13.4063,0.858009678612866,1,"Carnivora","Canidae",4,3
"65","Canis_lupus",32.183,0.824005185855035,1,"Carnivora","Canidae",4,3
"66","Canis_mesomelas",8.5,0.867395132751048,1,"Carnivora","Canidae",4,3
"67","Canis_rufus",22.9832,0.865097243434555,1,"Carnivora","Canidae",4,3
"68","Canis_simensis",10,0.855376183490468,1,"Carnivora","Canidae",4,3
"69","Capra_caucasica",55,0.876197951664737,2,"Artiodactyla","Bovidae",5,3
"70","Capra_falconeri",41,0.90165145251332,2,"Artiodactyla","Bovidae",5,3
"71","Capreolus_capreolus",22.5,0.816498558621564,2,"Artiodactyla","Cervidae",4,3
"72","Capromys_pilorides",5.65,0.685752473543369,3,"Rodentia","Capromyidae",1,3
"73","Caracal_caracal",13.7499,0.807630743701789,1,"Carnivora","Felidae",4,3
"74","Catopuma_temminckii",11.5,0.809192417728912,1,"Carnivora","Felidae",1,3
"75","Cavia_aperea",0.549,0.621194748203839,2,"Rodentia","Caviidae",4,1
"76","Cebus_capucinus",2.7333,0.821063238458097,3,"Primates","Cebidae",2,2
"77","Cephalophus_adersi",9.25,0.870232746645502,2,"Artiodactyla","Bovidae",1,3
"78","Cephalophus_monticola",6.25,0.825634585790868,2,"Artiodactyla","Bovidae",1,3
"79","Ceratotherium_simum",2949.9863,0.82156828883933,2,"Perissodactyla","Rhinocerotidae",4,3
"80","Cercartetus_concinnus",0.013,0.609832226192552,2,"Diprotodontia","Burramyidae",2,2
"81","Cercocebus_galeritus",7.835,0.840757696259506,2,"Primates","Cercopithecidae",2,2
"82","Cercopithecus_petaurista",2.775,0.730284331384925,3,"Primates","Cercopithecidae",2,2
"83","Cervus_elaphus",165.01585,0.863812505785715,2,"Artiodactyla","Cervidae",4,3
"84","Cervus_unicolor",177.508325,0.895088117940458,2,"Artiodactyla","Cervidae",4,3
"85","Chaetodipus_baileyi",0.0263,0.551186502783314,3,"Rodentia","Heteromyidae",3,1
"86","Chaetodipus_fallax",0.0187,0.557828500583639,2,"Rodentia","Heteromyidae",3,1
"87","Chaetomys_subspinosus",1.3,0.775818906326279,2,"Rodentia","Echimyidae",2,2
"88","Chaetophractus_nationi",2.15,0.698600233515606,1,"Xenarthra","Dasypodidae",5,1
"89","Cheirogaleus_major",0.45,0.630235203431715,3,"Primates","Cheirogaleidae",2,2
"90","Chinchilla_brevicaudata",0.5,0.582610688529287,3,"Rodentia","Chinchillidae",5,3
"91","Chionomys_nivalis",0.054,0.636093576187757,2,"Rodentia","Muridae",5,1
"92","Chironectes_minimus",0.946,0.677724365788934,1,"Didelphimorphia","Didelphidae",1,2
"93","Chiropodomys_gliroides",0.0215,0.592669435036337,2,"Rodentia","Muridae",2,2
"94","Chiropotes_satanas",3,0.688921092951267,3,"Primates","Cebidae",2,2
"95","Chlorocebus_aethiops",4.155,0.86751476140382,3,"Primates","Cercopithecidae",2,2
"96","Choloepus_didactylus",5.16,0.806193622949753,2,"Xenarthra","Megalonychidae",2,2
"97","Chrysocyon_brachyurus",23.2498,0.907769119400836,1,"Carnivora","Canidae",4,3
"98","Clethrionomys_glareolus",0.0212,0.715923478974298,2,"Rodentia","Muridae",1,2
"99","Coendou_bicolor",4.05,0.731917794532753,2,"Rodentia","Erethizontidae",2,2
"100","Colobus_guereza",10.2,0.735653638734454,3,"Primates","Cercopithecidae",2,2
"101","Conepatus_leuconotus",3.5,0.817522138742873,1,"Carnivora","Mustelidae",4,3
"102","Conepatus_semistriatus",1.2,0.804898498582987,1,"Carnivora","Mustelidae",4,3
"103","Connochaetes_gnou",179.999,0.87235390263942,2,"Artiodactyla","Bovidae",4,3
"104","Connochaetes_taurinus",179.999,0.884817056170849,2,"Artiodactyla","Bovidae",4,3
"105","Cricetomys_emini",1.3,0.660325560714445,2,"Rodentia","Muridae",4,1
"106","Cricetus_cricetus",0.51,0.66588142726523,2,"Rodentia","Muridae",4,1
"107","Crocidura_cyanea",0.0091,0.561215814786752,1,"Insectivora","Soricidae",1,1
"108","Crocidura_russula",0.0082,0.534402879609193,1,"Insectivora","Soricidae",1,1
"109","Crocuta_crocuta",62.9999,0.847000272271556,1,"Carnivora","Hyaenidae",4,3
"110","Crossarchus_obscurus",1.25,0.686457263731209,1,"Carnivora","Herpestidae",4,3
"111","Cryptoprocta_ferox",9.5,0.82462607199996,1,"Carnivora","Viverridae",2,2
"112","Ctenodactylus_gundi",0.289,0.555437987079503,2,"Rodentia","Ctenodactylidae",3,3
"113","Cyclopes_didactylus",0.3295,0.812770550740149,3,"Xenarthra","Myrmecophagidae",2,2
"114","Cynictis_penicillata",0.836,0.733390403656967,1,"Carnivora","Herpestidae",4,3
"115","Cynomys_gunnisoni",0.925,0.617874290712869,2,"Rodentia","Sciuridae",5,1
"116","Dactylopsila_trivirgata",0.41355,0.671438167511238,1,"Diprotodontia","Petauridae",2,2
"117","Dama_dama",56.25,0.859224530222064,2,"Artiodactyla","Cervidae",4,3
"118","Damaliscus_lunatus",136.0003,0.876405785861265,2,"Artiodactyla","Bovidae",4,3
"119","Dasycercus_byrnei",0.1038,0.516575268268677,2,"Dasyuromorphia","Dasyuridae",3,2
"120","Dasyprocta_azarae",2.31,0.68851419345055,2,"Rodentia","Dasyproctidae",1,3
"121","Dasyprocta_mexicana",5,0.723546605032268,2,"Rodentia","Dasyproctidae",1,1
"122","Dasypus_kappleri",9.5,0.794105990791391,1,"Xenarthra","Dasypodidae",1,1
"123","Dasypus_sabanicola",1.15,0.731580274830448,1,"Xenarthra","Dasypodidae",4,1
"124","Dasyurus_albopunctatus",0.637,0.725137819470783,1,"Dasyuromorphia","Dasyuridae",1,2
"125","Dasyurus_geoffroii",1.1,0.679941528376971,1,"Dasyuromorphia","Dasyuridae",1,2
"126","Dasyurus_maculatus",5.5,0.713106986874756,1,"Dasyuromorphia","Dasyuridae",1,2
"127","Daubentonia_madagascariensis",2.5,0.7742092363456,3,"Primates","Daubentoniidae",2,2
"128","Dendrohyrax_arboreus",2.95,0.613171734183583,2,"Hyracoidea","Procaviidae",2,2
"129","Dendrolagus_bennettianus",10.95,0.548585632670755,2,"Diprotodontia","Macropodidae",2,2
"130","Dendrolagus_matschiei",6.96,0.628825904192164,2,"Diprotodontia","Macropodidae",2,2
"131","Dendromus_mesomelas",0.0102,0.574422775975225,3,"Rodentia","Muridae",2,2
"132","Desmana_moschata",0.383,0.549241809630429,1,"Insectivora","Talpidae",1,3
"133","Diceros_bicornis",1180.5109,0.882036233872285,2,"Perissodactyla","Rhinocerotidae",4,3
"134","Didelphis_marsupialis",1.0912,0.632840416420944,3,"Didelphimorphia","Didelphidae",2,2
"135","Dinomys_branickii",12.5,0.674090816621052,2,"Rodentia","Dinomyidae",1,3
"136","Diplomesodon_pulchellum",0.011,0.548717881205248,1,"Insectivora","Soricidae",3,3
"137","Dipodomys_deserti",0.1045,0.603371414997709,2,"Rodentia","Heteromyidae",3,1
"138","Dipodomys_merriami",0.042,0.586923427372965,2,"Rodentia","Heteromyidae",3,1
"139","Dipodomys_microps",0.0546,0.564353351740575,2,"Rodentia","Heteromyidae",3,1
"140","Dipodomys_ordii",0.0604,0.552409320592444,2,"Rodentia","Heteromyidae",3,1
"141","Dipus_sagitta",0.089,0.553200390974944,3,"Rodentia","Dipodidae",3,3
"142","Dolichotis_patagonum",8,0.841667677113531,2,"Rodentia","Caviidae",4,3
"143","Dolichotis_salinicola",1.6,0.706258219089227,2,"Rodentia","Caviidae",4,3
"144","Dorcatragus_megalotis",10.2499,0.894625779797122,2,"Artiodactyla","Bovidae",3,3
"145","Dorcopsis_hageni",5.5,0.690250252453817,2,"Diprotodontia","Macropodidae",1,3
"146","Dremomys_lokriah",0.227,0.624917791349246,2,"Rodentia","Sciuridae",2,2
"147","Dromiciops_gliroides",0.0223,0.697457429565337,1,"Microbiotheria","Microbiotheriidae",2,2
"148","Dryomys_nitedula",0.0336,0.581447829443191,3,"Rodentia","Myoxidae",2,2
"149","Echinops_telfairi",0.13275,0.691903075295875,1,"Insectivora","Tenrecidae",1,2
"150","Echinosorex_gymnura",0.957,0.678545138231781,1,"Insectivora","Erinaceidae",1,3
"151","Echymipera_kalubu",0.78216667,0.61591544369671,2,"Peramelemorphia","Peroryctidae",1,3
"152","Eira_barbara",3.91,0.746189832548725,1,"Carnivora","Mustelidae",2,2
"153","Elephantulus_rupestris",0.0664,0.599926582162963,3,"Macroscelidea","Macroscelididae",3,3
"154","Elephas_maximus",2915.04,0.976481510928771,2,"Proboscidea","Elephantidae",4,3
"155","Eliomys_melanurus",0.1225,0.574334052764041,3,"Rodentia","Myoxidae",2,2
"156","Equus_burchellii",276,0.904759046805234,2,"Perissodactyla","Equidae",4,3
"157","Equus_caballus",250,0.907595817304811,2,"Perissodactyla","Equidae",4,3
"158","Equus_hemionus",230,0.907356288839027,2,"Perissodactyla","Equidae",4,3
"159","Equus_zebra",286.9987,0.892566306602693,2,"Perissodactyla","Equidae",4,3
"160","Erethizon_dorsatum",7.0853,0.78790247266594,2,"Rodentia","Erethizontidae",1,3
"161","Erinaceus_europaeus",0.771,0.605221445021467,1,"Insectivora","Erinaceidae",4,3
"162","Erythrocebus_patas",7.2699,0.89661171813986,3,"Primates","Cercopithecidae",2,2
"163","Eulemur_fulvus",3.15,0.686175578428397,2,"Primates","Lemuridae",2,2
"164","Euphractus_sexcinctus",4.7829,0.752408457512898,3,"Xenarthra","Dasypodidae",1,1
"165","Felis_margarita",2.525,0.717943409924277,1,"Carnivora","Felidae",3,3
"166","Felis_nigripes",1.3,0.707263704482571,1,"Carnivora","Felidae",4,3
"167","Felis_silvestris",5.1,0.770505121205052,1,"Carnivora","Felidae",4,3
"168","Fossa_fossana",1.5,0.768283184015158,1,"Carnivora","Viverridae",1,3
"169","Funambulus_pennantii",0.2,0.628478696795353,3,"Rodentia","Sciuridae",2,2
"170","Galago_gallarum",0.25,0.526402096466635,3,"Primates","Galagonidae",2,2
"171","Galerella_flavescens",0.75,0.652340765600268,1,"Carnivora","Herpestidae",4,3
"172","Galidia_elegans",0.8,0.63451008087614,1,"Carnivora","Herpestidae",1,3
"173","Gazella_dama",72.9995,0.891440908562798,2,"Artiodactyla","Bovidae",3,3
"174","Gazella_granti",54.9997,0.894101125272826,2,"Artiodactyla","Bovidae",4,3
"175","Gazella_saudiya",16,0.878348120842774,2,"Artiodactyla","Bovidae",3,3
"176","Gazella_subgutturosa",28.5,0.873020376178368,2,"Artiodactyla","Bovidae",3,3
"177","Gazella_thomsonii",20.4998,0.87433768439339,2,"Artiodactyla","Bovidae",4,3
"178","Genetta_genetta",1.8,0.776165540600655,1,"Carnivora","Viverridae",2,2
"179","Geocapromys_brownii",1.5,0.613671408853229,2,"Rodentia","Capromyidae",1,3
"180","Geogale_aurita",0.00685,0.619605000329151,1,"Insectivora","Tenrecidae",1,3
"181","Gerbillus_gerbillus",0.025,0.560151623109087,3,"Rodentia","Muridae",3,1
"182","Giraffa_camelopardalis",899.9948,0.915322877911656,2,"Artiodactyla","Giraffidae",4,3
"183","Gorilla_gorilla",124.251,0.887832774907286,2,"Primates","Hominidae",1,3
"184","Gracilinanus_agilis",0.022,0.626211724349706,3,"Didelphimorphia","Didelphidae",2,2
"185","Graphiurus_ocularis",0.0688,0.656316137021457,3,"Rodentia","Myoxidae",2,2
"186","Gulo_gulo",17.01255,0.771300506669018,1,"Carnivora","Mustelidae",5,3
"187","Gymnobelideus_leadbeateri",0.127,0.532529966501172,3,"Diprotodontia","Petauridae",2,2
"188","Hapalemur_griseus",1.4,0.509686993905499,2,"Primates","Lemuridae",2,2
"189","Helarctos_malayanus",46.5,0.788029946392921,1,"Carnivora","Ursidae",1,3
"190","Hemibelideus_lemuroides",0.9525,0.442204762379978,2,"Diprotodontia","Psuedocheiridae",2,2
"191","Hemicentetes_semispinosus",0.1359,0.727194884088718,1,"Insectivora","Tenrecidae",1,3
"192","Hemiechinus_aethiopicus",0.188,0.64896867985359,1,"Insectivora","Erinaceidae",3,3
"193","Hemigalus_derbyanus",2.116875,0.746766033674892,1,"Carnivora","Viverridae",2,2
"194","Herpailurus_yaguarondi",7.8749,0.802091021453177,1,"Carnivora","Felidae",1,3
"195","Herpestes_brachyurus",2,0.745317969603077,1,"Carnivora","Herpestidae",1,3
"196","Herpestes_edwardsii",1.3242,0.647237885051677,1,"Carnivora","Herpestidae",1,3
"197","Herpestes_smithii",1.78195,0.676849242066337,1,"Carnivora","Herpestidae",1,3
"198","Heterohyrax_brucei",2.625,0.598729486049483,2,"Hyracoidea","Procaviidae",5,3
"199","Heteromys_desmarestianus",0.0725,0.588739768049659,2,"Rodentia","Heteromyidae",1,1
"200","Hexaprotodon_liberiensis",235.0012,0.818983170244097,2,"Artiodactyla","Hippopotamidae",1,3
"201","Hippopotamus_amphibius",1417.49,0.871329319228743,2,"Artiodactyla","Hippopotamidae",4,3
"202","Hippotragus_equinus",269.9977,0.905250059018057,2,"Artiodactyla","Bovidae",4,3
"203","Hippotragus_niger",227.4993,0.921730551124272,2,"Artiodactyla","Bovidae",4,3
"204","Homo_sapiens",70,0.896259192908538,3,"Primates","Homoinidae",4,3
"205","Hoplomys_gymnurus",0.24,0.666586627089909,3,"Rodentia","Echimyidae",1,3
"206","Hyaena_hyaena",41.7051,0.871534462206887,1,"Carnivora","Hyaenidae",4,3
"207","Hydrochaeris_hydrochaeris",62.4496,0.830684715439609,2,"Rodentia","Hydrochaeridae",4,1
"208","Hydromys_chrysogaster",0.47975,0.70337398605121,1,"Rodentia","Muridae",1,1
"209","Hylobates_agilis",5.65,0.759475799456575,3,"Primates","Hylobatidae",2,2
"210","Hylobates_leucogenys",7.32,0.625137426391177,3,"Primates","Hylobatidae",2,2
"211","Hylomys_suillus",0.064,0.584311447983174,1,"Insectivora","Erinaceidae",1,3
"212","Hypogeomys_antimena",1.25,0.659786634241493,3,"Rodentia","Muridae",1,1
"213","Hypsiprymnodon_moschatus",0.52,0.611534536579202,3,"Diprotodontia","Potoroidae",1,3
"214","Hystrix_africaeaustralis",14.936,0.766079651614935,2,"Rodentia","Hystricidae",4,1
"215","Indri_indri",8,0.512940473411009,2,"Primates","Indridae",2,2
"216","Isoodon_obesulus",0.775,0.617014810360195,3,"Peramelemorphia","Peramelidae",1,1
"217","Jaculus_jaculus",0.0566,0.670715733897057,3,"Rodentia","Dipodidae",3,3
"218","Kerodon_rupestris",0.8,0.592265523816658,2,"Rodentia","Caviidae",3,3
"219","Lagidium_viscacia",1.54,0.636585092473495,2,"Rodentia","Chinchillidae",5,3
"220","Lagorchestes_conspicillatus",3.05,0.715947417044379,2,"Diprotodontia","Macropodidae",1,3
"221","Lagostomus_maximus",4.6475,0.582049216898039,2,"Rodentia","Chinchillidae",4,1
"222","Lagothrix_flavicauda",6.8,0.904691921922551,2,"Primates","Cebidae",2,2
"223","Lama_guanicoe",120,0.934601158521878,2,"Artiodactyla","Camelidae",4,3
"224","Lariscus_insignis",0.2,0.550036670844812,2,"Rodentia","Sciuridae",1,2
"225","Lasiorhinus_krefftii",2.9,0.787350407939042,2,"Diprotodontia","Vombatidae",4,1
"226","Leggadina_forresti",0.02,0.528765366135871,1,"Rodentia","Muridae",1,1
"227","Lemmus_lemmus",0.0475,0.64033487256605,2,"Rodentia","Muridae",5,1
"228","Lemniscomys_barbarus",0.0262,0.686923491217969,2,"Rodentia","Muridae",1,3
"229","Lemur_catta",2.9,0.806836137216024,2,"Primates","Lemuridae",2,2
"230","Leontopithecus_rosalia",0.5355,0.590457437420594,3,"Primates","Callitrichidae",2,2
"231","Leopardus_pardalis",11.9001,0.807345934178616,1,"Carnivora","Felidae",1,3
"232","Leopoldamys_sabanus",0.3675,0.724148527823569,3,"Rodentia","Muridae",1,2
"233","Lepilemur_ruficaudatus",0.7,0.404090373862407,2,"Primates","Megaladapidae",2,2
"234","Leporillus_conditor",0.35,0.648738148581518,2,"Rodentia","Muridae",3,3
"235","Leptailurus_serval",12,0.824500249703151,1,"Carnivora","Felidae",4,3
"236","Lepus_alleni",3.685,0.67203793791611,2,"Lagomorpha","Leporidae",4,3
"237","Lepus_americanus",1.71,0.621736033524636,2,"Lagomorpha","Leporidae",4,3
"238","Lepus_arcticus",4.405,0.733498415352015,2,"Lagomorpha","Leporidae",4,3
"239","Lepus_californicus",2.4225,0.611735688666682,2,"Lagomorpha","Leporidae",4,3
"240","Lepus_europaeus",3.74,0.786143297377775,2,"Lagomorpha","Leporidae",4,3
"241","Lepus_townsendii",1.555,0.661508381307218,2,"Lagomorpha","Leporidae",4,3
"242","Lestoros_inca",0.0211,0.742982489506768,1,"Paucituberculata","Caenolestidae",1,3
"243","Limnogale_mergulus",0.0786,0.535176071787473,1,"Insectivora","Tenrecidae",1,3
"244","Liomys_pictus",0.04,0.547137552270188,2,"Rodentia","Heteromyidae",1,1
"245","Lophocebus_albigena",7.6901,0.82147432238192,2,"Primates","Cercopithecidae",2,2
"246","Loris_tardigradus",0.22765,0.650290312558476,1,"Primates","Loridae",2,2
"247","Loxodonta_africana",3940.0343,0.982282586229432,2,"Proboscidea","Elephantidae",4,3
"248","Lutreolina_crassicaudata",0.5373,0.699895096955955,1,"Didelphimorphia","Didelphidae",2,2
"249","Lycaon_pictus",22.0501,0.868102316558542,1,"Carnivora","Canidae",4,3
"250","Lynx_canadensis",9.3732,0.805688477497088,1,"Carnivora","Felidae",4,3
"251","Macaca_assamensis",12,0.839346354154266,2,"Primates","Cercopithecidae",2,2
"252","Macaca_fascicularis",3.9915,0.839462281067855,2,"Primates","Cercopithecidae",2,2
"253","Macropus_agilis",15,0.676907742849,2,"Diprotodontia","Macropodidae",4,3
"254","Macropus_antilopinus",27.25,0.674792200933726,2,"Diprotodontia","Macropodidae",3,3
"255","Macropus_eugenii",6.5,0.674965103554874,2,"Diprotodontia","Macropodidae",1,3
"256","Macropus_irma",8,0.683994229071789,2,"Diprotodontia","Macropodidae",1,3
"257","Macroscelides_proboscideus",0.0382,0.679973033351999,1,"Macroscelidea","Macroscelididae",3,3
"258","Macrotis_lagotis",1.35,0.701889283207004,2,"Peramelemorphia","Peramelidae",3,1
"259","Madoqua_kirkii",5.3001,0.75498746099741,2,"Artiodactyla","Bovidae",4,3
"260","Madoqua_piacentinii",2.5,0.761909560346909,2,"Artiodactyla","Bovidae",4,3
"261","Madoqua_saltiana",3.25,0.781527851607797,2,"Artiodactyla","Bovidae",4,3
"262","Mandrillus_leucophaeus",15,0.893883139584141,3,"Primates","Cercopithecidae",1,3
"263","Marmosa_lepida",0.014,0.69822547035596,1,"Didelphimorphia","Didelphidae",2,2
"264","Marmosops_parvidens",0.015,0.643729154032114,1,"Didelphimorphia","Didelphidae",2,2
"265","Marmota_monax",3.8017,0.644851941777957,2,"Rodentia","Sciuridae",4,1
"266","Martes_flavigula",1.8425,0.773121471345895,1,"Carnivora","Mustelidae",2,2
"267","Mastomys_hildebrandtii",0.0621,0.642774782845185,3,"Rodentia","Muridae",1,1
"268","Maxomys_rajah",0.15325,0.652740116030385,3,"Rodentia","Muridae",1,1
"269","Mazama_americana",22.7997,0.873099522752436,2,"Artiodactyla","Cervidae",1,3
"270","Melanomys_caliginosus",0.041,0.604694137113481,3,"Rodentia","Muridae",1,1
"271","Meles_meles",13,0.715022884158664,1,"Carnivora","Mustelidae",1,1
"272","Mellivora_capensis",8.5,0.781600764851142,1,"Carnivora","Mustelidae",4,1
"273","Melogale_orientalis",2,0.611878872529365,1,"Carnivora","Mustelidae",1,1
"274","Melomys_burtoni",0.0685,0.568291076275107,2,"Rodentia","Muridae",4,3
"275","Melomys_cervinipes",0.078,0.623320353782193,2,"Rodentia","Muridae",1,3
"276","Melursus_ursinus",93.13,0.823336217636246,1,"Carnivora","Ursidae",4,3
"277","Mephitis_mephitis",2.085,0.738564621525175,1,"Carnivora","Mustelidae",1,3
"278","Meriones_crassus",0.0699,0.657221732117165,3,"Rodentia","Muridae",3,1
"279","Mesembriomys_gouldii",0.7165,0.647987826245528,3,"Rodentia","Muridae",1,2
"280","Mesocricetus_brandti",0.198,0.585338031447016,3,"Rodentia","Muridae",5,1
"281","Metachirus_nudicaudatus",0.375,0.635044648822274,3,"Didelphimorphia","Didelphidae",1,2
"282","Microcebus_murinus",0.069,0.632472142912213,3,"Primates","Cheirogaleidae",2,2
"283","Microdipodops_megacephalus",0.0105,0.580285281643994,2,"Rodentia","Heteromyidae",3,1
"284","Microgale_cowani",0.0138,0.670537289091315,1,"Insectivora","Tenrecidae",1,3
"285","Micromys_minutus",0.006,0.597374675284563,3,"Rodentia","Muridae",4,2
"286","Microsciurus_alfari",0.0875,0.586063550899791,2,"Rodentia","Sciuridae",2,2
"287","Microtus_agrestis",0.0425,0.640109690930785,2,"Rodentia","Muridae",1,1
"288","Microtus_pennsylvanicus",0.0368,0.511585966722611,2,"Rodentia","Muridae",4,1
"289","Microtus_pinetorum",0.0263,0.604051052428077,2,"Rodentia","Muridae",1,1
"290","Monodelphis_adusta",0.035,0.570876500493805,3,"Didelphimorphia","Didelphidae",2,2
"291","Monodelphis_brevicaudata",0.0696,0.696854879143088,3,"Didelphimorphia","Didelphidae",2,2
"292","Moschiola_meminna",2.93815,0.751888751875929,2,"Artiodactyla","Tragulidae",1,3
"293","Moschus_chrysogaster",14.5,0.776861670585938,2,"Artiodactyla","Moschidae",5,3
"294","Muntiacus_muntjak",14,0.85754910637785,2,"Artiodactyla","Cervidae",1,3
"295","Mus_musculus",0.0176667,0.585453204777079,3,"Rodentia","Muridae",4,1
"296","Mustela_eversmannii",1.35,0.664076652750583,1,"Carnivora","Mustelidae",4,1
"297","Mustela_nivalis",0.1039,0.544114671937339,1,"Carnivora","Mustelidae",1,1
"298","Myoprocta_acouchy",0.6,0.623650993733612,2,"Rodentia","Dasyproctidae",1,1
"299","Myrmecobius_fasciatus",0.4715,0.709695222624789,2,"Dasyuromorphia","Myrmecobiidae",1,1
"300","Myrmecophaga_tridactyla",22.3332,0.823993458639521,1,"Xenarthra","Myrmecophagidae",1,3
"301","Nandinia_binotata",2,0.774934655436316,1,"Carnivora","Viverridae",1,2
"302","Napaeozapus_insignis",0.0223,0.536494978015067,1,"Rodentia","Dipodidae",1,3
"303","Nasalis_larvatus",9,0.768780653497648,3,"Primates","Cercopithecidae",2,2
"304","Nasua_narica",4.03,0.798818199568219,1,"Carnivora","Procyonidae",2,2
"305","Nasuella_olivacea",1.34,0.784583784717176,1,"Carnivora","Procyonidae",2,2
"306","Neacomys_spinosus",0.019,0.608311697015061,3,"Rodentia","Muridae",1,3
"307","Neofelis_nebulosa",19.67575,0.795133665903763,1,"Carnivora","Felidae",2,3
"308","Neomys_anomalus",0.016,0.629200267332815,1,"Insectivora","Soricidae",1,3
"309","Neotoma_albigula",0.206,0.661276432552821,2,"Rodentia","Muridae",1,1
"310","Neotoma_lepida",0.1637,0.557321906053956,2,"Rodentia","Muridae",1,3
"311","Neotragus_batesi",3,0.79227130457415,2,"Artiodactyla","Bovidae",1,3
"312","Neotragus_pygmaeus",4,0.75139470894465,2,"Artiodactyla","Bovidae",1,3
"313","Nesomys_rufus",0.1625,0.520823229137017,1,"Rodentia","Muridae",1,2
"314","Ningaui_ridei",0.0085,0.675124233730667,1,"Dasyuromorphia","Dasyuridae",3,1
"315","Notomys_alexis",0.035,0.54507062853998,3,"Rodentia","Muridae",3,2
"316","Notomys_cervinus",0.035,0.583775128237424,3,"Rodentia","Muridae",3,1
"317","Nycticebus_coucang",0.8035,0.690175579021433,3,"Primates","Loridae",2,2
"318","Ochotona_alpina",0.15,0.560331953192106,2,"Lagomorpha","Ochotonidae",5,3
"319","Ochotona_roylei",0.26,0.555468354026293,2,"Lagomorpha","Ochotonidae",3,3
"320","Octodon_degus",0.21,0.612856188561911,2,"Rodentia","Octodontidae",1,1
"321","Odocoileus_hemionus",54.2126,0.857502265469501,2,"Artiodactyla","Cervidae",4,3
"322","Odocoileus_virginianus",55.5086,0.870382526725087,2,"Artiodactyla","Cervidae",4,3
"323","Oecomys_bicolor",0.034,0.569501920573753,3,"Rodentia","Muridae",2,2
"324","Oenomys_hypoxanthus",0.09,0.628620711653904,2,"Rodentia","Muridae",4,2
"325","Okapia_johnstoni",230.0011,0.929321521684991,2,"Artiodactyla","Giraffidae",1,3
"326","Oligoryzomys_nigripes",0.0205,0.592105953837159,3,"Rodentia","Muridae",4,3
"327","Oncifelis_geoffroyi",3.59,0.840709610984637,1,"Carnivora","Felidae",2,3
"328","Onychogalea_fraenata",5.5,0.70203248190172,2,"Diprotodontia","Macropodidae",3,3
"329","Onychomys_torridus",0.025,0.568340918689893,2,"Rodentia","Muridae",3,1
"330","Oreamnos_americanus",72.5003,0.873732642491806,2,"Artiodactyla","Bovidae",5,3
"331","Orycteropus_afer",52.3504,0.807572650545314,1,"Tubulidentata","Orycteropodidae",1,1
"332","Oryctolagus_cuniculus",1.8267,0.693949484213277,2,"Lagomorpha","Leporidae",4,3
"333","Oryzomys_alfaroi",0.0333,0.635513153267374,3,"Rodentia","Muridae",4,2
"334","Otolemur_crassicaudatus",1.5,0.69831675318871,3,"Primates","Galagonidae",2,2
"335","Otomys_irroratus",0.1018,0.601041165337629,2,"Rodentia","Muridae",1,1
"336","Ototylomys_phyllotis",0.12,0.570021263085501,2,"Rodentia","Muridae",2,2
"337","Ovibos_moschatus",340.50105,0.838281949483093,2,"Artiodactyla","Bovidae",5,3
"338","Ovis_ammon",180,0.842523474329295,2,"Artiodactyla","Bovidae",5,3
"339","Ovis_canadensis",74.6449,0.892425760754451,2,"Artiodactyla","Bovidae",5,3
"340","Oxymycterus_rufus",0.0754,0.574877116784581,1,"Rodentia","Muridae",4,3
"341","Pachyuromys_duprasi",0.0475,0.550294735074147,2,"Rodentia","Muridae",3,2
"342","Paguma_larvata",4.3,0.821188566867393,1,"Carnivora","Viverridae",2,2
"343","Pan_paniscus",34.0001,0.822970783359317,3,"Primates","Hominidae",2,2
"344","Pan_troglodytes",44.9997,0.823738891462988,3,"Primates","Hominidae",2,2
"345","Panthera_leo",161.4991,0.834745065719191,1,"Carnivora","Felidae",4,3
"346","Panthera_onca",100,0.800831914546408,1,"Carnivora","Felidae",1,3
"347","Panthera_pardus",52.038,0.793798801461336,1,"Carnivora","Felidae",4,3
"348","Panthera_tigris",162.564,0.831660694441971,1,"Carnivora","Felidae",1,3
"349","Papio_hamadryas",21.2501,0.876327556654193,2,"Primates","Cercopithecidae",5,3
"350","Paradoxurus_hermaphroditus",3.156675,0.750782923662204,1,"Carnivora","Viverridae",2,2
"351","Parahyaena_brunnea",32.2003,0.864950252557731,1,"Carnivora","Hyaenidae",3,3
"352","Parantechinus_apicalis",0.0688,0.591604952746092,1,"Dasyuromorphia","Dasyuridae",1,2
"353","Paraxerus_ochraceus",0.1043,0.575653767281873,3,"Rodentia","Sciuridae",4,2
"354","Parotomys_brantsii",0.1295,0.658316194776358,2,"Rodentia","Muridae",4,1
"355","Pedetes_capensis",3.155,0.666769391124281,2,"Rodentia","Pedetidae",4,3
"356","Perameles_bougainville",0.226,0.634324130961899,1,"Peramelemorphia","Peramelidae",4,1
"357","Perameles_nasuta",0.975,0.602833476282238,1,"Peramelemorphia","Peramelidae",4,1
"358","Perodicticus_potto",1.1,0.680252789707565,3,"Primates","Loridae",2,2
"359","Perognathus_longimembris",0.0076,0.59565891683588,2,"Rodentia","Heteromyidae",3,1
"360","Perognathus_parvus",0.0218,0.523739176146598,2,"Rodentia","Heteromyidae",3,1
"361","Peromyscus_attwateri",0.0279,0.577246037839757,2,"Rodentia","Muridae",1,3
"362","Peromyscus_crinitus",0.018,0.5048003632185,3,"Rodentia","Muridae",3,1
"363","Peromyscus_eremicus",0.0236,0.534896123710725,3,"Rodentia","Muridae",3,1
"364","Peromyscus_leucopus",0.0212,0.592448969275186,3,"Rodentia","Muridae",1,1
"365","Peromyscus_maniculatus",0.0213,0.589076491291973,3,"Rodentia","Muridae",2,2
"366","Peromyscus_truei",0.0274,0.59014930679762,3,"Rodentia","Muridae",3,3
"367","Petaurista_elegans",0.997,0.460174267329406,2,"Rodentia","Sciuridae",3,2
"368","Petauroides_volans",1.3,0.568476704217067,2,"Diprotodontia","Psuedocheiridae",2,2
"369","Petaurus_breviceps",0.1063,0.639685373984949,3,"Diprotodontia","Petauridae",2,2
"370","Petrodromus_tetradactylus",0.1875,0.641823989047552,1,"Macroscelidea","Macroscelididae",1,3
"371","Petrogale_burbidgei",1.258,0.645973632198852,2,"Diprotodontia","Macropodidae",1,3
"372","Petromus_typicus",0.224,0.539097483770892,2,"Rodentia","Petromuridae",5,3
"373","Phacochoerus_aethiopicus",71.0003,0.855371791527933,2,"Artiodactyla","Suidae",3,3
"374","Phalanger_orientalis",2.16875,0.586641504652233,2,"Diprotodontia","Phalangeridae",2,2
"375","Phaner_furcifer",0.4,0.552244778542032,2,"Primates","Cheirogaleidae",2,2
"376","Phascogale_calura",0.0515,0.596773006276983,1,"Dasyuromorphia","Dasyuridae",2,2
"377","Philander_andersoni",0.325,0.701798275734635,3,"Didelphimorphia","Didelphidae",2,2
"378","Pithecia_pithecia",1.3755,0.639029167118939,2,"Primates","Cebidae",2,2
"379","Planigale_maculata",0.011,0.661204467479107,1,"Dasyuromorphia","Dasyuridae",4,3
"380","Pongo_pygmaeus",37,0.86199100565489,2,"Primates","Hominidae",2,2
"381","Potamochoerus_larvatus",97.5,0.887826655857244,2,"Artiodactyla","Suidae",1,3
"382","Potorous_tridactylus",1.1,0.580530915515476,2,"Diprotodontia","Potoroidae",1,3
"383","Presbytis_hosei",6.5,0.661500166154824,3,"Primates","Cercopithecidae",2,2
"384","Priodontes_maximus",45.3597,0.752169751058047,1,"Xenarthra","Dasypodidae",1,1
"385","Prionailurus_rubiginosus",1.3844,0.754499676862865,1,"Carnivora","Felidae",2,3
"386","Prionailurus_viverrinus",9.140333,0.809343272223881,1,"Carnivora","Felidae",2,3
"387","Prionodon_linsang",0.7,0.720717915387855,1,"Carnivora","Viverridae",2,2
"388","Prionomys_batesi",0.0125,0.612336072964092,2,"Rodentia","Muridae",2,2
"389","Procapra_gutturosa",27.75,0.843135898338699,2,"Artiodactyla","Bovidae",3,3
"390","Procavia_capensis",3.03,0.600881957994634,2,"Hyracoidea","Procaviidae",3,3
"391","Procolobus_rufomitratus",8,0.649855304669354,2,"Primates","Cercopithecidae",2,2
"392","Procyon_cancrivorus",6.9499,0.809151641168258,1,"Carnivora","Procyonidae",2,2
"393","Procyon_lotor",5.525,0.788716283453358,1,"Carnivora","Procyonidae",2,2
"394","Pronolagus_randensis",2.335,0.56245678807277,2,"Lagomorpha","Leporidae",4,3
"395","Propithecus_diadema",7.5,0.687456988066036,2,"Primates","Indridae",2,2
"396","Proteles_cristatus",10,0.864543430821961,1,"Carnivora","Hyaenidae",4,3
"397","Pseudalopex_griseus",8.28,0.828836742394218,1,"Carnivora","Canidae",4,3
"398","Pseudantechinus_macdonnellensis",0.0325,0.642954816332757,1,"Dasyuromorphia","Dasyuridae",3,1
"399","Pseudocheirus_herbertensis",1.115,0.462613979816977,2,"Diprotodontia","Psuedocheiridae",2,2
"400","Pseudomys_australis",0.065,0.553214044976201,3,"Rodentia","Muridae",3,1
"401","Pseudomys_hermannsburgensis",0.012,0.59944461930904,3,"Rodentia","Muridae",3,1
"402","Pseudomys_nanus",0.034,0.535890378538654,3,"Rodentia","Muridae",3,1
"403","Pteromys_volans",0.14375,0.600638992134689,2,"Rodentia","Sciuridae",2,2
"404","Puma_concolor",51.6,0.826279533715197,1,"Carnivora","Felidae",2,3
"405","Pygathrix_nemaeus",8.31,0.721899076958181,2,"Primates","Cercopithecidae",2,2
"406","Rangifer_tarandus",86.034,0.821989795103786,2,"Artiodactyla","Cervidae",2,3
"407","Raphicerus_sharpei",9.4999,0.861728089429131,2,"Artiodactyla","Bovidae",1,3
"408","Rattus_rattus",0.22915,0.564688116676605,3,"Rodentia","Muridae",1,3
"409","Rattus_tanezumi",0.087,0.674756906526667,3,"Rodentia","Muridae",1,1
"410","Rattus_villosissimus",0.134,0.627358213135034,2,"Rodentia","Muridae",1,1
"411","Ratufa_bicolor",2.05,0.568126789427713,3,"Rodentia","Sciuridae",2,2
"412","Reithrodontomys_megalotis",0.0094,0.69067793024924,2,"Rodentia","Muridae",1,3
"413","Rhabdomys_pumilio",0.0407,0.650747503614635,2,"Rodentia","Muridae",3,2
"414","Rheithrosciurus_macrotis",1.225,0.833292438732559,3,"Rodentia","Sciuridae",2,2
"415","Rhinosciurus_laticaudatus",0.221,0.60595312998764,1,"Rodentia","Sciuridae",2,2
"416","Rhipidomys_mastacalis",0.0775,0.567295746099914,2,"Rodentia","Muridae",2,2
"417","Rhynchocyon_chrysopygus",0.54,0.67667628584425,1,"Macroscelidea","Macroscelididae",1,3
"418","Romerolagus_diazi",0.4767,0.633145947932999,2,"Lagomorpha","Leporidae",5,3
"419","Rupicapra_rupicapra",26.1,0.853456104625399,2,"Artiodactyla","Bovidae",5,3
"420","Saguinus_imperator",0.4,0.71991749493745,3,"Primates","Callitrichidae",2,2
"421","Saiga_tatarica",29,0.866965602701331,2,"Artiodactyla","Bovidae",4,3
"422","Saimiri_oerstedii",0.2785,0.799563595369914,3,"Primates","Cebidae",2,2
"423","Sciurus_carolinensis",0.5065,0.503044182710649,2,"Rodentia","Sciuridae",2,2
"424","Sciurus_nayaritensis",0.697,0.564834694496895,2,"Rodentia","Sciuridae",2,2
"425","Sciurus_niger",0.7619,0.566566075834979,2,"Rodentia","Sciuridae",2,2
"426","Sciurus_vulgaris",0.333,0.549423823359618,2,"Rodentia","Sciuridae",2,2
"427","Semnopithecus_entellus",11.52983,0.788854777918328,2,"Primates","Cercopithecidae",2,2
"428","Setonix_brachyurus",3.25,0.649789774555395,2,"Diprotodontia","Macropodidae",1,3
"429","Sicista_betulina",0.008,0.634864678558492,3,"Rodentia","Dipodidae",1,2
"430","Sigmodon_alleni",0.179,0.609003780957266,3,"Rodentia","Muridae",1,1
"431","Sminthopsis_aitkeni",0.0225,0.665446104433625,1,"Dasyuromorphia","Dasyuridae",1,1
"432","Sminthopsis_crassicaudata",0.015,0.629645502492833,2,"Dasyuromorphia","Dasyuridae",3,1
"433","Sminthopsis_laniger",0.025,0.546748336518714,2,"Dasyuromorphia","Dasyuridae",3,3
"434","Sminthopsis_macroura",0.02,0.637889125953182,2,"Dasyuromorphia","Dasyuridae",3,3
"435","Solenodon_cubanus",0.65,0.638594197178422,1,"Insectivora","Solenodontidae",1,2
"436","Sorex_alpinus",0.0078,0.665575220767208,1,"Insectivora","Soricidae",5,1
"437","Spermophilopsis_leptodactylus",0.600022451,0.719319272549734,2,"Rodentia","Sciuridae",3,1
"438","Spermophilus_beldingi",0.2805,0.500431322544122,3,"Rodentia","Sciuridae",4,1
"439","Spermophilus_citellus",0.29,0.610475735134456,3,"Rodentia","Sciuridae",4,1
"440","Spermophilus_saturatus",0.22,0.548600762654188,3,"Rodentia","Sciuridae",5,3
"441","Spermophilus_tereticaudus",0.1565,0.553225231434565,3,"Rodentia","Sciuridae",3,1
"442","Spermophilus_tridecemlineatus",0.1317,0.575512318542232,3,"Rodentia","Sciuridae",4,1
"443","Spermophilus_undulatus",0.84,0.573145152590244,3,"Rodentia","Sciuridae",4,1
"444","Spilocuscus_maculatus",6.4,0.737613354180718,2,"Diprotodontia","Phalangeridae",2,2
"445","Spilogale_pygmaea",0.235,0.754610036569937,1,"Carnivora","Mustelidae",1,3
"446","Strigocuscus_gymnotis",2.705,0.726137712901381,3,"Diprotodontia","Phalangeridae",2,2
"447","Suncus_etruscus",0.0021,0.595900136337261,1,"Insectivora","Soricidae",2,2
"448","Suncus_infinitesimus",0.0044,0.585065312444516,1,"Insectivora","Soricidae",4,3
"449","Suncus_murinus",0.06042,0.58662285897873,1,"Insectivora","Soricidae",1,1
"450","Sus_barbatus",96.6667,0.924011161422565,3,"Artiodactyla","Suidae",1,3
"451","Sus_scrofa",96.1181,0.899363645385839,3,"Artiodactyla","Suidae",1,3
"452","Sylvilagus_aquaticus",2.1358,0.650414316208459,2,"Lagomorpha","Leporidae",4,3
"453","Sylvilagus_floridanus",1.1728,0.634362491685107,2,"Lagomorpha","Leporidae",4,3
"454","Synaptomys_cooperi",0.0319,0.586169116181866,2,"Rodentia","Muridae",4,1
"455","Syncerus_caffer",580.0027,0.891340604246589,2,"Artiodactyla","Bovidae",4,3
"456","Tachyglossus_aculeatus",3.025,0.760133042213666,1,"Monotremata","Tachyglossidae",1,1
"457","Tamandua_mexicana",4.21,0.814119802439947,1,"Xenarthra","Myrmecophagidae",2,2
"458","Tamias_amoenus",0.0505,0.560733024460914,2,"Rodentia","Sciuridae",2,2
"459","Tamias_minimus",0.1353,0.507299353314283,2,"Rodentia","Sciuridae",2,2
"460","Tamias_striatus",0.1119,0.533743397703019,2,"Rodentia","Sciuridae",2,2
"461","Tamiasciurus_hudsonicus",0.2012,0.543007749642151,2,"Rodentia","Sciuridae",2,2
"462","Tapirus_bairdii",299.9991,0.886504692421253,2,"Perissodactyla","Tapiridae",1,3
"463","Tarsipes_rostratus",0.009,0.582788960657367,2,"Diprotodontia","Tarsipedidae",2,2
"464","Tarsius_bancanus",0.09425,0.379983237138465,1,"Primates","Tarsiidae",2,2
"465","Tarsius_dianae",0.107,0.406061663003909,1,"Primates","Tarsiidae",2,2
"466","Tatera_indica",0.1663,0.622219774403862,2,"Rodentia","Muridae",3,1
"467","Taurotragus_oryx",569.9936,0.882527324793463,2,"Artiodactyla","Bovidae",4,3
"468","Tayassu_pecari",32.2337,0.881194098777099,3,"Artiodactyla","Tayassuidae",4,3
"469","Tenrec_ecaudatus",0.684,0.694336223701738,1,"Insectivora","Tenrecidae",1,3
"470","Thallomys_nigricauda",0.1247,0.557638230563016,2,"Rodentia","Muridae",2,2
"471","Thrichomys_apereoides",0.275,0.566541747890421,2,"Rodentia","Echimyidae",4,1
"472","Thylamys_elegans",0.0289,0.57945586745467,1,"Didelphimorphia","Didelphidae",3,2
"473","Thylogale_stigmatica",4.6,0.718295374271826,2,"Diprotodontia","Macropodidae",1,3
"474","Tolypeutes_tricinctus",1.487,0.737255773086056,1,"Xenarthra","Dasypodidae",3,1
"475","Trachypithecus_obscurus",6.42,0.728292025463856,2,"Primates","Cercopithecidae",2,2
"476","Tragelaphus_eurycerus",329.0031,0.924693583829619,2,"Artiodactyla","Bovidae",4,3
"477","Tragelaphus_strepsiceros",213.501,0.929596386354138,2,"Artiodactyla","Bovidae",4,3
"478","Tragulus_javanicus",2.775,0.725986965687294,2,"Artiodactyla","Tragulidae",1,3
"479","Trichosurus_vulpecula",2.65,0.638196588419554,3,"Diprotodontia","Phalangeridae",2,2
"480","Tupaia_belangeri",0.2,0.645276589319213,3,"Scandentia","Tupaiidae",2,2
"481","Uncia_uncia",44.167,0.774360540656308,1,"Carnivora","Felidae",5,3
"482","Urocyon_cinereoargenteus",3.8337,0.82162723259519,1,"Carnivora","Canidae",1,3
"483","Urogale_everetti",0.35,0.732633165638897,3,"Scandentia","Tupaiidae",1,2
"484","Uromys_caudimaculatus",0.60675,0.52565669548844,3,"Rodentia","Muridae",1,2
"485","Ursus_americanus",99.9494,0.881305417063341,1,"Carnivora","Ursidae",4,3
"486","Ursus_arctos",139.4408,0.852948230650257,1,"Carnivora","Ursidae",1,3
"487","Ursus_maritimus",388.75015,0.802723522351143,1,"Carnivora","Ursidae",3,3
"488","Varecia_variegata",3.85,0.807280313101894,2,"Primates","Lemuridae",2,2
"489","Vicugna_vicugna",47.4996,0.924656464427492,2,"Artiodactyla","Camelidae",5,3
"490","Viverra_megaspila",9.25,0.863049530119835,1,"Carnivora","Viverridae",1,3
"491","Vombatus_ursinus",26,0.773621951280377,2,"Diprotodontia","Vombatidae",4,1
"492","Vulpes_cana",1,0.811495750913786,1,"Carnivora","Canidae",5,3
"493","Vulpes_pallida",2.8,0.759364979054641,1,"Carnivora","Canidae",3,3
"494","Vulpes_vulpes",5.60375,0.832319427887711,1,"Carnivora","Canidae",4,3
"495","Wyulda_squamicaudata",1.675,0.659638705302786,2,"Diprotodontia","Phalangeridae",2,2
"496","Xeromys_myoides",0.041,0.648049039155154,1,"Rodentia","Muridae",4,1
"497","Xerus_princeps",0.95,0.707252640999513,3,"Rodentia","Sciuridae",2,2
"498","Zaedyus_pichiy",1.38,0.701793531403931,3,"Xenarthra","Dasypodidae",3,1
"499","Zaglossus_bruijni",10.3,0.8575960450814,1,"Monotremata","Tachyglossidae",5,1
"500","Zapus_hudsonius",0.0171,0.50399103989712,1,"Rodentia","Dipodidae",4,3
"501","Zapus_trinotatus",0.0275,0.529067007530148,1,"Rodentia","Dipodidae",4,3
"502","Zyzomys_argurus",0.036,0.527024730175692,3,"Rodentia","Muridae",3,3
